ID	Model	Organism	Taxonomy	Author	Year	Publication	HasFile	Valid?	Erro
79	yeast 6.06	Yeast	Eukaryota; Opisthokonta; Fungi;	consensus team	2013	http://dx.doi.org/10.1089/ind.2013.0013	true	true	
80	yeast 7.00	Yeast	Eukaryota; Opisthokonta; Fungi;	consensus team	2013	http://dx.doi.org/	true	true	
118	iOD907	Kluyveromyces lactis NRRL Y-1140	Eukaryota; Opisthokonta; Fungi; Dikarya; Ascomycota; saccharomyceta; Saccharomycotina; Saccharomycetes; Saccharomycetales; Saccharomycetaceae; Kluyveromyces; Kluyveromyces lactis	Oscar Dias	2013	http://dx.doi.org/	true	true	
94	PpaMBEL1254	Pichia pastoris CBS 7435	Eukaryota; Opisthokonta; Fungi; Dikarya; Ascomycota; saccharomyceta; Saccharomycotina; Saccharomycetes; Saccharomycetales; Saccharomycetaceae; Komagataella; Komagataella pastoris	Sohn	2010	http://dx.doi.org/10.1002/biot.201000078	true	false	
34	PpuMBEL1071	Pseudomonas putida str. KT2440	Bacteria; Proteobacteria; Gammaproteobacteria; Pseudomonadales; Pseudomonadaceae; Pseudomonas	Sohn	2010	http://dx.doi.org/10.1002/biot.201000124	true	true	
101	iMG746	Methanosarcina barkeri	Archaea; Euryarchaeota; Methanomicrobia; Methanosarcinales; Methanosarcinaceae	Gonnerman	2013	http://dx.doi.org/10.1002/biot.201200266	true	false	
70	iMH551	Staphylococcus aureus	 Bacteria; Firmicutes; Bacilli; Bacillales; Staphylococcaceae	Heinemann	2005	http://dx.doi.org/10.1002/bit.20663	true	false	
56	iTK425	Mannheimia succiniciproducens MBEL55E	Bacteria; Proteobacteria; Gammaproteobacteria; Pasteurellales; Pasteurellaceae; Basfia; Mannheimia succiniciproducens	Kim	2007	http://dx.doi.org/10.1002/bit.21433	true	false	
41	iRS474	Clostridium acetobutylicum ATCC 824	Bacteria; Firmicutes; Clostridia; Clostridiales; Clostridiaceae; Clostridium; Clostridium acetobutylicum	Senger	2008	http://dx.doi.org/10.1002/bit.22010	true	false	
43	iKK411	Corynebacterium glutamicum ATCC 13032	Bacteria; Actinobacteria; Actinobacteria; Actinobacteridae; Actinomycetales; Corynebacterineae; Corynebacteriaceae; Corynebacterium; Corynebacterium glutamicum	Kjeldsen	2009	http://dx.doi.org/10.1002/bit.22067	true	false	
92	1475S1	Corynebacterium glutamicum ATCC 13032	Bacteria; Actinobacteria; Actinobacteria; Actinobacteridae; Actinomycetales; Corynebacterineae; Corynebacteriaceae; Corynebacterium; Corynebacterium glutamicum	Kjeldsen	2009	http://dx.doi.org/10.1002/bit.22067	true	false	
63	iZM363	Zymomonas mobilis subsp. mobilis ZM4	Bacteria; Proteobacteria; Alphaproteobacteria; Sphingomonadales; Sphingomonadaceae; Zymomonas	Widiastuti	2011	http://dx.doi.org/10.1002/bit.22965	true	false	
111	iVW583	Amycolatopsis balhimycina	Bacteria; Actinobacteria; Actinobacteria; Actinobacteridae; Actinomycetales; Pseudonocardineae; Pseudonocardiaceae; Amycolatopsis	Vongsangnak	2011	http://dx.doi.org/10.1002/bit.24436	true	false	
99	iNV213	Cryptosporidium hominis TU502	Eukaryota; Alveolata; Apicomplexa; Conoidasida; Coccidia; Eucoccidiorida; Eimeriorina; Cryptosporidiidae; Cryptosporidium; Cryptosporidium hominis	Vanee	2010	http://dx.doi.org/10.1002/cbdv.200900323	false	false	
75	iPF633	Synechocystis sp. PCC 6803	Bacteria; Cyanobacteria; Oscillatoriophycideae; Chroococcales; Synechocystis	Fu	2008	http://dx.doi.org/10.1002/jctb.2065	false	false	
50	iCS400	Haemophilus influenzae Rd KW20	Bacteria; Proteobacteria; Gammaproteobacteria; Pasteurellales; Pasteurellaceae; Haemophilus; Haemophilus influenzae	Schilling	2000	http://dx.doi.org/10.1006/jtbi.2000.1088	false	false	
42	iJL432	Clostridium acetobutylicum ATCC 824	Bacteria; Firmicutes; Clostridia; Clostridiales; Clostridiaceae; Clostridium; Clostridium acetobutylicum	Lee	2008	http://dx.doi.org/10.1007/s00253-008-1654-4	false	false	
128	iNF518	 Lactococcus lactis subsp. cremoris MG1363	Bacteria; Firmicutes; Bacilli; Lactobacillales; Streptococcaceae; Lactococcus; Lactococcus lactis; Lactococcus lactis subsp. cremoris	Flahaut	2013	http://dx.doi.org/10.1007/s00253-013-5140-2	true	true	
142	iPC1209	Pectobacterium carotovorum subsp. carotovorum PC1	Bacteria; Proteobacteria; Gammaproteobacteria; Enterobacteriales; Enterobacteriaceae; Pectobacterium; Pectobacterium carotovorum; Pectobacterium carotovorum subsp. carotovorum	Cheng Wang	2015	http://dx.doi.org/10.1016/j.febslet.2014.12.010	false	false	
120	iTZ479_v2	Thermotoga maritima	Bacteria; Thermotogae; Thermotogae; Thermotogales; Thermotogaceae; Thermotoga	Nogales	2012	http://dx.doi.org/10.1016/j.ijhydene.2012.06.032	false	false	
52	iWZ663	Ketogulonicigenium vulgare WSH-001	Bacteria; Proteobacteria; Alphaproteobacteria; Rhodobacterales; Rhodobacteraceae; Ketogulonicigenium; Ketogulonicigenium vulgare	Zou	2012	http://dx.doi.org/10.1016/j.jbiotec.2012.05.015	false	false	
112	iMZ1055	 Bacillus megaterium WSH-002	Bacteria; Firmicutes; Bacilli; Bacillales; Bacillaceae; Bacillus; Bacillus megaterium	Wei Zou	2013	http://dx.doi.org/10.1016/j.jbiotec.2013.01.019	true	false	
116	iSS352	Xanthomonas campestris pv. campestris str. B100	Bacteria; Proteobacteria; Gammaproteobacteria; Xanthomonadales; Xanthomonadaceae; Xanthomonas; Xanthomonas campestris; Xanthomonas campestris pv. campestris	Schatschneider	2013	http://dx.doi.org/10.1016/j.jbiotec.2013.01.023	true	false	
117	iSS352	Xanthomonas campestris pv. campestris str. B100	Bacteria; Proteobacteria; Gammaproteobacteria; Xanthomonadales; Xanthomonadaceae; Xanthomonas; Xanthomonas campestris; Xanthomonas campestris pv. campestris	Schatschneider	2013	http://dx.doi.org/10.1016/j.jbiotec.2013.01.023	true	false	
90	iMA871	Aspergillus niger CBS 513.88	Eukaryota; Opisthokonta; Fungi; Dikarya; Ascomycota; saccharomyceta; Pezizomycotina; leotiomyceta; Eurotiomycetes; Eurotiomycetidae; Eurotiales; Aspergillaceae; Aspergillus; Aspergillus niger	Andersen	2008	http://dx.doi.org/10.1038/msb.2008.12	true	false	
93	iAC560	Leishmania major Friedlin	Eukaryota; Euglenozoa; Kinetoplastida; Trypanosomatidae; Leishmaniinae; Leishmania;	Chavali	2008	http://dx.doi.org/10.1038/msb.2008.15	true	false	
60	VvuMBEL943	 Vibrio vulnificus CMCP6	Bacteria; Proteobacteria; Gammaproteobacteria; Vibrionales; Vibrionaceae; Vibrio	Kim	2011	http://dx.doi.org/10.1038/msb.2010.115	true	true	
28	iTH366	Plasmodium falciparum	Eukaryota; Alveolata; Apicomplexa; Aconoidasida; Haemosporida; Plasmodium	Plata	2010	http://dx.doi.org/10.1038/msb.2010.60	true	true	
26	iRC1080	Chlamydomonas reinhardtii	Eukaryota; Viridiplantae; Chlorophyta; Chlorophyceae; Chlamydomonadales; Chlamydomonadaceae	Chang	2011	http://dx.doi.org/10.1038/msb.2011.52	true	true	
9	iJO1366	Escherichia coli str. K12 substr. MG1655	Bacteria; Proteobacteria; Gammaproteobacteria; Enterobacteriales; Enterobacteriaceae; Escherichia	Orth	2011	http://dx.doi.org/10.1038/msb.2011.65	true	true	
105	iJW145	Mycoplasma pneumoniae	Bacteria; Tenericutes; Mollicutes; Mycoplasmatales; Mycoplasmataceae; Mycoplasma	Wodke	2013	http://dx.doi.org/10.1038/msb.2013.6	true	false	
20	iAF692	Methanosarcina barkeri	Archaea; Euryarchaeota; Methanomicrobia; Methanosarcinales; Methanosarcinaceae	Feist	2006	http://dx.doi.org/10.1038/msb4100046	true	true	
2	iAF1260	Escherichia coli str. K12 substr. MG1655	Bacteria; Proteobacteria; Gammaproteobacteria; Enterobacteriales; Enterobacteriaceae; Escherichia	Feist	2007	http://dx.doi.org/10.1038/msb4100155	true	true	
30	recon2	Homo sapiens	Eukaryota; Opisthokonta; Metazoa; Eumetazoa; Bilateria; Deuterostomia; Chordata; Craniata; Vertebrata; Gnathostomata; Teleostomi; Euteleostomi; Sarcopterygii; Tetrapoda; Amniota; Mammalia; Theria; Eutheria; Euarchontoglires; Primates; Haplorrhini; Simiifo	Thiele	2013	http://dx.doi.org/10.1038/nbt.2488	true	true	
55	iSH335	Mannheimia succiniciproducens MBEL55E	Bacteria; Proteobacteria; Gammaproteobacteria; Pasteurellales; Pasteurellaceae; Basfia; Mannheimia succiniciproducens	Hong	2004	http://dx.doi.org/10.1038/nbt1010	false	false	
10	Consensus v4	Yeast	Eukaryota; Opisthokonta; Fungi;	Herrgård	2008	http://dx.doi.org/10.1038/nbt1492	false	false	
24	iMH805/775	Saccharomyces cerevisiae str. Sc288 	Eukaryota; Opisthokonta; Fungi; Dikarya; Ascomycota; saccharomyceta; Saccharomycotina; Saccharomycetes; Saccharomycetales; Saccharomycetaceae	Herrgård	2008	http://dx.doi.org/10.1038/nbt1492	true	false	
81	iAM303	Chlamydomonas reinhardtii	Eukaryota; Viridiplantae; Chlorophyta; Chlorophyceae; Chlamydomonadales; Chlamydomonadaceae	Manichaikul	2009	http://dx.doi.org/10.1038/nmeth.1348	true	true	
61	iAN818m	Yersinia pestis biovar Microtus str. 91001	Bacteria; Proteobacteria; Gammaproteobacteria; Enterobacteriales; Enterobacteriaceae; Yersinia; Yersinia pestis	Navid and Almaas	2009	http://dx.doi.org/10.1039/B818710J	true	false	
12	AbyMBEL891	Acinetobacter baumannii AYE	Bacteria; Proteobacteria; Gammaproteobacteria; Pseudomonadales; Moraxellaceae; Acinetobacter	Kim	2010	http://dx.doi.org/10.1039/B916446D	true	false	
129	iJL1454	Aspergillus terreus NIH2624	Eukaryota; Opisthokonta; Fungi; Dikarya; Ascomycota; saccharomyceta; Pezizomycotina; leotiomyceta; Eurotiomycetes; Eurotiomycetidae; Eurotiales; Aspergillaceae; Aspergillus; Aspergillus terreus	Jie Liu	2013	http://dx.doi.org/10.1039/C3MB70090A	true	false	
141	iMM518	Methanococcus maripaludis S2	Archaea; Euryarchaeota; Methanococci; Methanococcales; Methanococcaceae; Methanococcus; Methanococcus maripaludis	N. Goyal	2014	http://dx.doi.org/10.1039/c3mb70421a	true	false	
78	iJN678	Synechocystis	Bacteria; Cyanobacteria; Oscillatoriophycideae; Chroococcales	Nogales et al.	2011	http://dx.doi.org/10.1073/pnas.1117907109	true	true	
45	iJE660	Escherichia coli str. K12 substr. MG1655	Bacteria; Proteobacteria; Gammaproteobacteria; Enterobacteriales; Enterobacteriaceae; Escherichia	Edwards	2000	http://dx.doi.org/10.1073/pnas.97.10.5528	false	false	
49	iJE296	Haemophilus influenzae Rd KW20	Bacteria; Proteobacteria; Gammaproteobacteria; Pasteurellales; Pasteurellaceae; Haemophilus; Haemophilus influenzae	Edwards	1999	http://dx.doi.org/10.1074/jbc.274.25.17410	false	false	
66	iMA945	Salmonella typhimurium LT2	Bacteria; Proteobacteria; Gammaproteobacteria; Enterobacteriales; Enterobacteriaceae; Salmonella	AbuOun	2009	http://dx.doi.org/10.1074/jbc.M109.005868	true	false	
53	iBT721	Lactobacillus plantarum WCFS1	Bacteria; Firmicutes; Bacilli; Lactobacillales; Lactobacillaceae; Lactobacillus; Lactobacillus plantarum	Teusink	2012	http://dx.doi.org/10.1074/jbc.M606263200	true	false	
38	iYO844	Bacillus subtilis	Bacteria; Firmicutes; Bacilli; Bacillales; Bacillaceae; Bacillus; Bacillus subtilis group	Oh	2007	http://dx.doi.org/10.1074/jbc.M703759200	true	true	
25	iND750	Saccharomyces cerevisiae str. Sc288 	Eukaryota; Opisthokonta; Fungi; Dikarya; Ascomycota; saccharomyceta; Saccharomycotina; Saccharomycetes; Saccharomycetales; Saccharomycetaceae	Duarte	2004	http://dx.doi.org/10.1101/gr.2250904	true	true	
7	iFF708	Saccharomyces cerevisiae str. Sc288 	Eukaryota; Opisthokonta; Fungi; Dikarya; Ascomycota; saccharomyceta; Saccharomycotina; Saccharomycetes; Saccharomycetales; Saccharomycetaceae	Förster	2003	http://dx.doi.org/10.1101/gr.234503	true	false	
73	iIB700	Streptomyces coelicolor A3(2)	Bacteria; Actinobacteria; Actinobacteria; Actinobacteridae; Actinomycetales; Streptomycineae; Streptomycetaceae; Streptomyces	Borodina	2005	http://dx.doi.org/10.1101/gr.3364705	true	false	
100	iLL672	Saccharomyces cerevisiae	Eukaryota; Opisthokonta; Fungi; Dikarya; Ascomycota; saccharomyceta; Saccharomycotina; Saccharomycetes; Saccharomycetales; Saccharomycetaceae; Saccharomyces	Kuepfer	2005	http://dx.doi.org/10.1101/gr.3992505	true	false	
136	Arabidopsis core model	Arabidopsis thaliana	Eukaryota; Viridiplantae; Streptophyta; Streptophytina; Embryophyta; Tracheophyta; Euphyllophyta; Spermatophyta; Magnoliophyta; eudicotyledons; core eudicotyledons; rosids; malvids; Brassicales; Brassicaceae; Camelineae;	Arnold	2014	http://dx.doi.org/10.1104/pp.114.235358	true	false	
135	iMF721	Pseudoalteromonas haloplanktis TAC125	Bacteria; Proteobacteria; Gammaproteobacteria; Alteromonadales; Pseudoalteromonadaceae; Pseudoalteromonas; Pseudoalteromonas haloplanktis	Fondi	2014	http://dx.doi.org/10.1111/1462-2920.12513	true	false	
134	EctoGEM-1.0	Ectocarpus siliculosus	Eukaryota; Stramenopiles; PX clade; Phaeophyceae; Ectocarpales; Ectocarpaceae; Ectocarpus	Prigent	2014	http://dx.doi.org/10.1111/tpj.12627	true	false	
29	iTZ479	Thermotoga maritima str. MSB8	Bacteria; Thermotogae; Thermotogae; Thermotogales; Thermotogaceae	Zhang	2009	http://dx.doi.org/10.1126/science.1174671	true	true	
72	iMP429	Streptococcus thermophilus LMG 18311	 Bacteria; Firmicutes; Bacilli; Lactobacillales; Streptococcaceae; Streptococcus	Pastink	2009	http://dx.doi.org/10.1128/AEM.00138-09	false	false	
143	iNV706	Enterococcus faecalis V583	Bacteria; Firmicutes; Bacilli; Lactobacillales; Enterococcaceae; Enterococcus; Enterococcus faecalis	N. Veith	2014	http://dx.doi.org/10.1128/AEM.03279-14	false	false	
48	iRM588	Geobacter sulfurreducens	Bacteria; Proteobacteria; delta/epsilon subdivisions; Deltaproteobacteria; Desulfuromonadales; Geobacteraceae; Geobacter	Mahadevan	2006	http://dx.doi.org/10.1128/AEM.72.2.1558-1568.2006	true	false	
22	Ecoli core Model	Escherichia coli str. K12 substr. MG1655	Bacteria; Proteobacteria; Gammaproteobacteria; Enterobacteriales; Enterobacteriaceae; Escherichia	Orth	2010	http://dx.doi.org/10.1128/ecosal.10.2.1	true	true	
32	iVM679	Porphyromonas gingivalis W83	 Bacteria; Bacteroidetes/Chlorobi group; Bacteroidetes; Bacteroidia; Bacteroidales; Porphyromonadaceae; Porphyromonas	Mazumdar	2009	http://dx.doi.org/10.1128/JB.01123-08	true	false	
14	iYL1228	Klebsiella pneumoniae str. MGH 78578	Bacteria; Proteobacteria; Gammaproteobacteria; Enterobacteriales; Enterobacteriaceae	Liao	2011	http://dx.doi.org/10.1128/JB.01218-10	true	true	
5	iMO1056	Pseudomonas aeruginosa str. PAO1	Bacteria; Proteobacteria; Gammaproteobacteria; Pseudomonadales; Pseudomonadaceae; Pseudomonas	Oberhardt	2008	http://dx.doi.org/10.1128/JB.01583-07	false	false	
71	iDL546	Staphylococcus aureus	 Bacteria; Firmicutes; Bacilli; Bacillales; Staphylococcaceae	Lee	2009	http://dx.doi.org/10.1128/JB.01743-08	true	false	
82	iMB745	Methanosarcina acetivorans str. C2A	Archaea; Euryarchaeota; Methanomicrobia; Methanosarcinales; Methanosarcinaceae; Methanosarcina; Methanosarcina acetivorans	Benedict	2012	http://dx.doi.org/10.1128/JB.06040-11	true	true	
51	iCS291	Helicobacter pylori str. 26695	 Bacteria; Proteobacteria; delta/epsilon subdivisions; Epsilonproteobacteria; Campylobacterales; Helicobacteraceae	Schilling	2002	http://dx.doi.org/10.1128/JB.184.16.4582-4593.2002	true	false	
23	iIT341	Helicobacter pylori str. 26695	 Bacteria; Proteobacteria; delta/epsilon subdivisions; Epsilonproteobacteria; Campylobacterales; Helicobacteraceae	Thiele	2005	http://dx.doi.org/10.1128/JB.187.16.5818-5830.2005	true	true	
68	ICR744	Rhodoferax ferrireducens T118	Bacteria; Proteobacteria; Betaproteobacteria; Burkholderiales; Comamonadaceae; Albidiferax	Risso	2009	http://dx.doi.org/10.1186/1471-2164-10-447	true	false	
74	iMA789	Streptomyces coelicolor A3(2)	Bacteria; Actinobacteria; Actinobacteria; Actinobacteridae; Actinomycetales; Streptomycineae; Streptomycetaceae; Streptomyces	Alam	2010	http://dx.doi.org/10.1186/1471-2164-11-202	true	false	
132	iAM388	Campylobacter jejuni subsp. jejuni NCTC 11168	Bacteria; Proteobacteria; delta/epsilon subdivisions; Epsilonproteobacteria; Campylobacterales; Campylobacteraceae; Campylobacter; Campylobacter jejuni; Campylobacter jejuni subsp. jejuni	Aline Metris	2011	http://dx.doi.org/10.1186/1471-2164-12-535	true	false	
8	iCA1273	Escherichia coli W	Bacteria; Proteobacteria; Gammaproteobacteria; Enterobacteriales; Enterobacteriaceae; Escherichia	Archer	2011	http://dx.doi.org/10.1186/1471-2164-12-9	true	true	
21	AraGEM	Arabidopsis thaliana	Eukaryota; Viridiplantae; Streptophyta; Streptophytina; Embryophyta; Tracheophyta; Euphyllophyta; Spermatophyta; Magnoliophyta; eudicotyledons; core eudicotyledons; rosids; malvids; Brassicales; Brassicaceae; Camelineae;	de Oliveira Dal'Molin	2010	http://dx.doi.org/10.1186/1471-2164-12-S4-S5	true	true	
89	iHD666	Aspergillus nidulans FGSC A4	Eukaryota; Opisthokonta; Fungi; Dikarya; Ascomycota; saccharomyceta; Pezizomycotina; leotiomyceta; Eurotiomycetes; Eurotiomycetidae; Eurotiales; Aspergillaceae; Emericella; Emericella nidulans; mitosporic Emericella nidulans	David	2008	http://dx.doi.org/10.1186/1471-2164-9-163	true	false	
91	iWV1314	Aspergillus oryzae RIB40	Eukaryota; Opisthokonta; Fungi; Dikarya; Ascomycota; saccharomyceta; Pezizomycotina; leotiomyceta; Eurotiomycetes; Eurotiomycetidae; Eurotiales; Aspergillaceae; Aspergillus; Aspergillus oryzae	Vongsangnak	2008	http://dx.doi.org/10.1186/1471-2164-9-245	true	false	
83	iCG238	Blattabacterium sp. (Blattella germanica)	Bacteria; Bacteroidetes/Chlorobi group; Bacteroidetes; Flavobacteriia; Flavobacteriales; Blattabacteriaceae; Blattabacterium	González-Domenech	2012	http://dx.doi.org/10.1186/1471-2180-12-S1-S5	true	true	
84	iCG230	Blattabacterium sp. (Periplaneta americana)	Bacteria; Bacteroidetes/Chlorobi group; Bacteroidetes; Flavobacteriia; Flavobacteriales; Blattabacteriaceae; Blattabacterium	González-Domenech	2012	http://dx.doi.org/10.1186/1471-2180-12-S1-S5	true	true	
54	iAP358	Lactococcus lactis subsp. lactis Il1403	Bacteria; Firmicutes; Bacilli; Lactobacillales; Streptococcaceae; Lactococcus; Lactococcus lactis; Lactococcus lactis subsp. lactis	Oliveira	2005	http://dx.doi.org/10.1186/1471-2180-5-39	true	true	
27	iSB619	Staphylococcus aureus	 Bacteria; Firmicutes; Bacilli; Bacillales; Staphylococcaceae	Becker	2005	http://dx.doi.org/10.1186/1471-2180-5-8	true	true	
85	iBB814	Scheffersomyces stipitis	Eukaryota; Opisthokonta; Fungi; Dikarya; Ascomycota; saccharomyceta; Saccharomycotina; Saccharomycetes; Saccharomycetales; Debaryomycetaceae; Scheffersomyces	Balagurunathan	2012	http://dx.doi.org/10.1186/1475-2859-11-27	true	false	
137	iHN637	Clostridium ljungdahlii	Bacteria; Firmicutes; Clostridia; Clostridiales; Clostridiaceae; Clostridium	Harish Nagarajan	2013	http://dx.doi.org/10.1186/1475-2859-12-118	false	false	
144	KoxGSC1457	Klebsiella oxytoca	Bacteria; Proteobacteria; Gammaproteobacteria; Enterobacteriales; Enterobacteriaceae; Klebsiella	J. Park	2013	http://dx.doi.org/10.1186/1475-2859-12-20	false	false	
122	SPNV1.0	Saccharopolyspora spinosa NRRL 18395	Bacteria; Actinobacteria; Actinobacteria; Actinobacteridae; Actinomycetales; Pseudonocardineae; Pseudonocardiaceae; Saccharopolyspora; Saccharopolyspora spinosa	Wang	2014	http://dx.doi.org/10.1186/1475-2859-13-41	true	false	
133	iTT548	Thermus thermophilus	Bacteria; Deinococcus-Thermus; Deinococci; Thermales; Thermaceae; Thermus	Na-Rae Lee	2014	http://dx.doi.org/10.1186/1475-2859-13-61	true	true	
44	iYS432	Corynebacterium glutamicum ATCC 13032	Bacteria; Actinobacteria; Actinobacteria; Actinobacteridae; Actinomycetales; Corynebacterineae; Corynebacteriaceae; Corynebacterium; Corynebacterium glutamicum	Shinfuku	2009	http://dx.doi.org/10.1186/1475-2859-8-43	true	false	
97	iPP668	Pichia pastoris GS115	Eukaryota; Opisthokonta; Fungi; Dikarya; Ascomycota; saccharomyceta; Saccharomycotina; Saccharomycetes; Saccharomycetales; Saccharomycetaceae; Komagataella; Komagataella pastoris	Chung	2010	http://dx.doi.org/10.1186/1475-2859-9-50	true	false	
64	ZmobMBEL601	Zymomonas mobilis subsp. mobilis ZM4	Bacteria; Proteobacteria; Alphaproteobacteria; Sphingomonadales; Sphingomonadaceae; Zymomonas	Lee	2010	http://dx.doi.org/10.1186/1475-2859-9-94	false	false	
57	iNJ661	Mycobacterium tuberculosis str. H37Rv	Bacteria; Actinobacteria; Actinobacteria; Actinobacteridae; Actinomycetales; Corynebacterineae; Mycobacteriaceae; Mycobacterium	Jamshidi	2007	http://dx.doi.org/10.1186/1752-0509-1-26	true	false	
6	iIN800	Saccharomyces cerevisiae	Eukaryota; Opisthokonta; Fungi; Dikarya; Ascomycota; saccharomyceta; Saccharomycotina; Saccharomycetes; Saccharomycetales; Saccharomycetaceae; Saccharomyces	Nookaew	2008	http://dx.doi.org/10.1186/1752-0509-2-71	true	false	
11	iJN746	Pseudomonas putida str. KT2440	Bacteria; Proteobacteria; Gammaproteobacteria; Pseudomonadales; Pseudomonadaceae; Pseudomonas	Nogales	2008	http://dx.doi.org/10.1186/1752-0509-2-79	true	true	
33	iNJ746	Pseudomonas putida KT2440	Bacteria; Proteobacteria; Gammaproteobacteria; Pseudomonadales; Pseudomonadaceae; Pseudomonas; Pseudomonas putida group	Nogales	2008	http://dx.doi.org/10.1186/1752-0509-2-79	true	false	
37	iAbaylyiV4	Acinetobacter baylyi ADP1	Bacteria; Proteobacteria; Gammaproteobacteria; Pseudomonadales; Moraxellaceae; Acinetobacter	Durot	2008	http://dx.doi.org/10.1186/1752-0509-2-85	true	false	
47	iJS747	Geobacter metallireducens	Bacteria; Proteobacteria; delta/epsilon subdivisions; Deltaproteobacteria; Desulfuromonadales; Geobacteraceae; Geobacter	Sun	2009	http://dx.doi.org/10.1186/1752-0509-3-15	true	false	
39	iGT196	Buchnera aphidicola str. APS (Acyrthosiphon pisum)	Bacteria; Proteobacteria; Gammaproteobacteria; Enterobacteriales; Enterobacteriaceae; Buchnera; Buchnera aphidicola; Buchnera aphidicola (Acyrthosiphon pisum)	Thomas	2009	http://dx.doi.org/10.1186/1752-0509-3-24	true	false	
3	iMM904	Saccharomyces cerevisiae	Eukaryota; Opisthokonta; Fungi; Dikarya; Ascomycota; saccharomyceta; Saccharomycotina; Saccharomycetes; Saccharomycetales; Saccharomycetaceae; Saccharomyces	Mo	2007	http://dx.doi.org/10.1186/1752-0509-3-37	true	true	
67	iRR1083	Salmonella typhimurium LT2	Bacteria; Proteobacteria; Gammaproteobacteria; Enterobacteriales; Enterobacteriaceae; Salmonella	Raghunathan	2009	http://dx.doi.org/10.1186/1752-0509-3-38	true	true	
46	iRS605	Francisella tularensis subsp. holarctica LVS	Bacteria; Proteobacteria; Gammaproteobacteria; Thiotrichales; Francisellaceae; Francisella; Francisella tularensis; Francisella tularensis subsp. holarctica	Raghunathan	2010	http://dx.doi.org/10.1186/1752-0509-4-118	false	false	
98	iMM1415	Mus musculus	Eukaryota; Opisthokonta; Metazoa; Eumetazoa; Bilateria; Deuterostomia; Chordata; Craniata; Vertebrata; Gnathostomata; Teleostomi; Euteleostomi; Sarcopterygii; Dipnotetrapodomorpha; Tetrapoda; Amniota; Mammalia; Theria; Eutheria; Euarchontoglires; Glires; 	Sigurdsson	2010	http://dx.doi.org/10.1186/1752-0509-4-140	true	false	
76	iSyn669	Synechocystis sp. PCC 6803	Bacteria; Cyanobacteria; Oscillatoriophycideae; Chroococcales; Synechocystis	Montagud	2010	http://dx.doi.org/10.1186/1752-0509-4-156	false	false	
16	iNJ661m	Mycobacterium tuberculosis str. H37Rv	Bacteria; Actinobacteria; Actinobacteria; Actinobacteridae; Actinomycetales; Corynebacterineae; Mycobacteriaceae; Mycobacterium	Fang	2010	http://dx.doi.org/10.1186/1752-0509-4-160	true	true	
15	iSR432	Clostridium thermocellum str. ATCC 27405	 Bacteria; Firmicutes; Clostridia; Clostridiales; Clostridiaceae	Roberts	2010	http://dx.doi.org/10.1186/1752-0509-4-31	true	true	
36	RehMBEL1391	Ralstonia eutropha H16	Bacteria; Proteobacteria; Betaproteobacteria; Burkholderiales; Burkholderiaceae; Cupriavidus	Park	2007	http://dx.doi.org/10.1186/1752-0509-5-101	false	false	
88	iRsp1095	Rhodobacter sphaeroides 2.4.1	Bacteria; Proteobacteria; Alphaproteobacteria; Rhodobacterales; Rhodobacteraceae; Rhodobacter; Rhodobacter sphaeroides	Imam	2011	http://dx.doi.org/10.1186/1752-0509-5-116	true	true	
40	iOA584	Chromohalobacter salexigens DSM 3043	Bacteria; Proteobacteria; Gammaproteobacteria; Oceanospirillales; Halomonadaceae; Chromohalobacter; Chromohalobacter salexigens	Ates	2011	http://dx.doi.org/10.1186/1752-0509-5-12	true	false	
17	iCM925	Clostridium beijerinckii str. NCIMB 8052	Bacteria; Firmicutes; Clostridia; Clostridiales; Clostridiaceae	Milne	2011	http://dx.doi.org/10.1186/1752-0509-5-130	true	true	
62	iPC815	Yersinia pestis CO92	 Bacteria; Proteobacteria; Gammaproteobacteria; Enterobacteriales; Enterobacteriaceae; Yersinia	Charusanti	2011	http://dx.doi.org/10.1186/1752-0509-5-163	true	true	
108	iRP911	Methylobacterium extorquens AM1	Bacteria; Proteobacteria; Alphaproteobacteria; Rhizobiales; Methylobacteriaceae; Methylobacterium; Methylobacterium extorquens group; Methylobacterium extorquens	Peyraud	2011	http://dx.doi.org/10.1186/1752-0509-5-189	true	false	
95	iVS941	 Methanosarcina acetivorans C2A	Archaea; Euryarchaeota; Methanomicrobia; Methanosarcinales; Methanosarcinaceae; Methanosarcina; Methanosarcina acetivorans	Kumar	2011	http://dx.doi.org/10.1186/1752-0509-5-28	true	false	
65	STM_v1.0	Salmonella typhimurium LT2	Bacteria; Proteobacteria; Gammaproteobacteria; Enterobacteriales; Enterobacteriaceae; Salmonella	Thiele	2011	http://dx.doi.org/10.1186/1752-0509-5-8	true	true	
107	iKF1028	Burkholderia cenocepacia J2315	Bacteria; Proteobacteria; Betaproteobacteria; Burkholderiales; Burkholderiaceae; Burkholderia; Burkholderia cepacia complex; Burkholderia cenocepacia	Fang	2011	http://dx.doi.org/10.1186/1752-0509-5-83	true	false	
96	iLC915	Pichia pastoris GS115	Eukaryota; Opisthokonta; Fungi; Dikarya; Ascomycota; saccharomyceta; Saccharomycotina; Saccharomycetes; Saccharomycetales; Saccharomycetaceae; Komagataella; Komagataella pastoris	Caspeta	2012	http://dx.doi.org/10.1186/1752-0509-6-24	true	false	
109	iSS884	Pichia stipitis	Eukaryota; Opisthokonta; Fungi; Dikarya; Ascomycota; saccharomyceta; Saccharomycotina; Saccharomycetes; Saccharomycetales; Debaryomycetaceae; Scheffersomyces	Caspeta	2012	http://dx.doi.org/10.1186/1752-0509-6-24	true	false	
119	iCAC490	Clostridium acetobutylicum ATCC 824	Bacteria; Firmicutes; Clostridia; Clostridiales; Clostridiaceae; Clostridium; Clostridium acetobutylicum	McAnulty	2012	http://dx.doi.org/10.1186/1752-0509-6-42	true	true	
102	SpoMBEL1693	Schizosaccharomyces pombe	Eukaryota; Opisthokonta; Fungi; Dikarya; Ascomycota; Taphrinomycotina; Schizosaccharomycetes; Schizosaccharomycetales; Schizosaccharomycetaceae; Schizosaccharomyces	Sohn	2012	http://dx.doi.org/10.1186/1752-0509-6-49	true	false	
115	iAK692	Spirulina platensis C1	Bacteria; Cyanobacteria; Oscillatoriophycideae; Oscillatoriales; Arthrospira; Arthrospira platensis	Klanchui	2012	http://dx.doi.org/10.1186/1752-0509-6-71	true	false	
123	iCyc792	 Cyanothece sp. PCC 7424	Bacteria; Cyanobacteria; Oscillatoriophycideae; Chroococcales; Cyanothece	Mueller	2013	http://dx.doi.org/10.1186/1752-0509-7-142	true	false	
124	iCyn731	Cyanothece sp. PCC 7425	Bacteria; Cyanobacteria; Oscillatoriophycideae; Chroococcales; Cyanothece	Mueller	2013	http://dx.doi.org/10.1186/1752-0509-7-142	true	false	
125	iCyj826	Cyanothece sp. PCC 7822	Bacteria; Cyanobacteria; Oscillatoriophycideae; Chroococcales; Cyanothece	Mueller	2013	http://dx.doi.org/10.1186/1752-0509-7-142	true	false	
126	iCyp752	Cyanothece sp. PCC 8801	Bacteria; Cyanobacteria; Oscillatoriophycideae; Chroococcales; Cyanothece	Mueller	2013	http://dx.doi.org/10.1186/1752-0509-7-142	true	false	
127	iCyh755	Cyanothece sp. PCC 8802	Bacteria; Cyanobacteria; Oscillatoriophycideae; Chroococcales; Cyanothece	Mueller	2013	http://dx.doi.org/10.1186/1752-0509-7-142	true	false	
87	iSB1139	 Pseudomonas fluorescens SBW25	Bacteria; Proteobacteria; Gammaproteobacteria; Pseudomonadales; Pseudomonadaceae; Pseudomonas; Pseudomonas fluorescens group; Pseudomonas fluorescens	Borgos	2013	http://dx.doi.org/10.1186/1752-0509-7-19	true	false	
77	iTO977	Saccharomyces cerevisiae	Eukaryota; Opisthokonta; Fungi; Dikarya; Ascomycota; saccharomyceta; Saccharomycotina; Saccharomycetes; Saccharomycetales; Saccharomycetaceae; Saccharomyces	Österlund	2013	http://dx.doi.org/10.1186/1752-0509-7-36	true	true	
130	iBif452	Bifidobacterium adolescentis L2-32	Bacteria; Actinobacteria; Actinobacteria; Actinobacteridae; Bifidobacteriales; Bifidobacteriaceae; Bifidobacterium	El-Semman	2014	http://dx.doi.org/10.1186/1752-0509-8-41	true	false	
131	iFap484	Faecalibacterium prausnitzii A2-165	Bacteria; Firmicutes; Clostridia; Clostridiales; Ruminococcaceae; Faecalibacterium	El-Semman	2014	http://dx.doi.org/10.1186/1752-0509-8-41	true	false	
86	iTL885	Scheffersomyces stipitis	Eukaryota; Opisthokonta; Fungi; Dikarya; Ascomycota; saccharomyceta; Saccharomycotina; Saccharomycetes; Saccharomycetales; Debaryomycetaceae; Scheffersomyces	Liu	2012	http://dx.doi.org/10.1186/1754-6834-5-72	true	false	
1	iJR904	Escherichia coli str. K12 substr. MG1655	Bacteria; Proteobacteria; Gammaproteobacteria; Enterobacteriales; Enterobacteriaceae; Escherichia	Reed	2003	http://dx.doi.org/10.1186/gb-2003-4-9-r54	true	true	
58	GSMN-TB	Mycobacterium tuberculosis str. H37Rv	Bacteria; Actinobacteria; Actinobacteria; Actinobacteridae; Actinomycetales; Corynebacterineae; Mycobacteriaceae; Mycobacterium	Beste	2007	http://dx.doi.org/10.1186/gb-2007-8-5-r89	true	false	
31	iGB555	Neisseria meningitidis serogroup B	 Bacteria; Proteobacteria; Betaproteobacteria; Neisseriales; Neisseriaceae; Neisseria	Baart	2007	http://dx.doi.org/10.1186/gb-2007-8-7-r136	true	false	
18	iBsu1103	Bacillus subtilis 168	Bacteria; Firmicutes; Bacilli; Bacillales; Bacillaceae; Bacillus;	Henry	2009	http://dx.doi.org/10.1186/gb-2009-10-6-r69	true	true	
114	Nmb_iTM560	Neisseria meningitidis	Bacteria; Proteobacteria; Betaproteobacteria; Neisseriales; Neisseriaceae; Neisseria	Mendum	2011	http://dx.doi.org/10.1186/gb-2011-12-12-r127	true	false	
139	iMLTC806cdf	Clostridium difficile 630	Bacteria; Firmicutes; Clostridia; Clostridiales; Peptostreptococcaceae; Peptoclostridium; Peptoclostridium difficile	M. Larocque	2014	http://dx.doi.org/10.1186/s12918-014-0117-z	true	true	
140	iCY1106	Mortierella alpina	Eukaryota; Opisthokonta; Fungi; Fungi incertae sedis; Early diverging fungal lineages; Mortierellomycotina; Mortierellales; Mortierellaceae; Mortierella	Chao Ye	2015	http://dx.doi.org/10.1186/s12918-014-0137-8	true	false	
138	iCac802	Clostridium acetobutylicum ATCC 824	Bacteria; Firmicutes; Clostridia; Clostridiales; Clostridiaceae; Clostridium; Clostridium acetobutylicum	Satyakam Dash	2014	http://dx.doi.org/10.1186/s13068-014-0144-4	true	true	
35	iOR363	Rhizobium etli CFN 42	 Bacteria; Proteobacteria; Alphaproteobacteria; Rhizobiales; Rhizobiaceae; Rhizobium/Agrobacterium group; Rhizobium	Resendis-Antonio	2007	http://dx.doi.org/10.1371/journal.pcbi.0030192	true	false	
4	iJP815	Pseudomonas putida str. KT2440	Bacteria; Proteobacteria; Gammaproteobacteria; Pseudomonadales; Pseudomonadaceae; Pseudomonas	Puchalka	2008	http://dx.doi.org/10.1371/journal.pcbi.1000210	true	true	
59	iPS189	Mycoplasma genitalium G37	Bacteria; Tenericutes; Mollicutes; Mycoplasmatales; Mycoplasmataceae; Mycoplasma; Mycoplasma genitalium	Suthers	2009	http://dx.doi.org/10.1371/journal.pcbi.1000285	true	false	
113	iOG654	 Natronomonas pharaonis DSM 2160	Archaea; Euryarchaeota; Halobacteria; Halobacteriales; Halobacteriaceae; Natronomonas; Natronomonas pharaonis	Gonzalez	2009	http://dx.doi.org/10.1371/journal.pcbi.1000799	true	false	
69	iSO783	Shewanella oneidensis MR-1	Bacteria; Proteobacteria; Gammaproteobacteria; Alteromonadales; Shewanellaceae; Shewanella	Pinchuk	2010	http://dx.doi.org/10.1371/journal.pcbi.1000822	true	true	
19	iAI549	Dehalococcoides ethenogenes str. 2061	Bacteria; Chloroflexi; Dehalococcoidetes; Dehalococcoidales; Dehalococcoidaceae; Dehalococcoides	Islam	2010	http://dx.doi.org/10.1371/journal.pcbi.1000887	true	true	
13	iJP962	Pseudomonas putida str. KT2440	Bacteria; Proteobacteria; Gammaproteobacteria; Pseudomonadales; Pseudomonadaceae; Pseudomonas	Oberhardt	2011	http://dx.doi.org/10.1371/journal.pcbi.1001116	true	true	
103	iCce806	Cyanothece sp. ATCC 51142	Bacteria; Cyanobacteria; Oscillatoriophycideae; Chroococcales; Cyanothece	Vu	2012	http://dx.doi.org/10.1371/journal.pcbi.1002460	true	false	
110	iAL1006	 Penicillium chrysogenum Wisconsin 54-1255	Eukaryota; Opisthokonta; Fungi; Dikarya; Ascomycota; saccharomyceta; Pezizomycotina; leotiomyceta; Eurotiomycetes; Eurotiomycetidae; Eurotiales; Aspergillaceae; Penicillium; Penicillium chrysogenum complex; Penicillium chrysogenum	Agren	2013	http://dx.doi.org/10.1371/journal.pcbi.1002980	true	false	
104	iHZ565	Sinorhizobium meliloti 1021	Bacteria; Proteobacteria; Alphaproteobacteria; Rhizobiales; Rhizobiaceae; Sinorhizobium/Ensifer group; Sinorhizobium; Sinorhizobium meliloti	Zhao	2012	http://dx.doi.org/10.1371/journal.pone.0031287	true	false	
106	iHZ565	Sinorhizobium meliloti 1021	Bacteria; Proteobacteria; Alphaproteobacteria; Rhizobiales; Rhizobiaceae; Sinorhizobium/Ensifer group; Sinorhizobium; Sinorhizobium meliloti	Zhao	2012	http://dx.doi.org/10.1371/journal.pone.0031287	true	false	
121	iAH991	Bacteroides thetaiotaomicron	Bacteria; Bacteroidetes/Chlorobi group; Bacteroidetes; Bacteroidia; Bacteroidales; Bacteroidaceae; Bacteroides	Heinken	2012	http://dx.doi.org/10.4161/gmic.22370	false	false	
